{
    "name": "root",
    "metadata": {
        "timer_format_version": "0.1.0",
        "start_time_seconds": "1778827936",
        "python_version": "3.10.11 (tags/v3.10.11:7d4cc5a, Apr  5 2023, 00:38:17) [MSC v.1929 64 bit (AMD64)]",
        "command_line_arguments": "D:\\Game Development\\Unity Projects\\ML-Agents\\.venv\\Scripts\\mlagents-learn Assets\\MLAgents\\turret_ppo.yaml --run-id=seven_param_A_to_B_v3",
        "mlagents_version": "1.1.0",
        "mlagents_envs_version": "1.1.0",
        "communication_protocol_version": "1.5.0",
        "pytorch_version": "2.11.0+cpu",
        "numpy_version": "1.23.5",
        "end_time_seconds": "1778828030"
    },
    "total": 94.04107110000041,
    "count": 1,
    "self": 0.004671300004702061,
    "children": {
        "run_training.setup": {
            "total": 0.08683299999393057,
            "count": 1,
            "self": 0.08683299999393057
        },
        "TrainerController.start_learning": {
            "total": 93.94956680000178,
            "count": 1,
            "self": 0.052553399524185807,
            "children": {
                "TrainerController._reset_env": {
                    "total": 13.855725000001257,
                    "count": 1,
                    "self": 13.855725000001257
                },
                "TrainerController.advance": {
                    "total": 80.02578060048108,
                    "count": 4187,
                    "self": 0.0431065997981932,
                    "children": {
                        "env_step": {
                            "total": 78.71576560012181,
                            "count": 4187,
                            "self": 75.37097140053811,
                            "children": {
                                "SubprocessEnvManager._take_step": {
                                    "total": 3.3113087000965606,
                                    "count": 4187,
                                    "self": 0.12019099968892988,
                                    "children": {
                                        "TorchPolicy.evaluate": {
                                            "total": 3.1911177004076308,
                                            "count": 4187,
                                            "self": 3.1911177004076308
                                        }
                                    }
                                },
                                "workers": {
                                    "total": 0.03348549948714208,
                                    "count": 4186,
                                    "self": 0.0,
                                    "children": {
                                        "worker_root": {
                                            "total": 18.41152770051849,
                                            "count": 4186,
                                            "is_parallel": true,
                                            "self": 8.322273501195014,
                                            "children": {
                                                "steps_from_proto": {
                                                    "total": 0.00036189999082125723,
                                                    "count": 1,
                                                    "is_parallel": true,
                                                    "self": 0.000166199984960258,
                                                    "children": {
                                                        "_process_rank_one_or_two_observation": {
                                                            "total": 0.00019570000586099923,
                                                            "count": 2,
                                                            "is_parallel": true,
                                                            "self": 0.00019570000586099923
                                                        }
                                                    }
                                                },
                                                "UnityEnvironment.step": {
                                                    "total": 10.088892299332656,
                                                    "count": 4186,
                                                    "is_parallel": true,
                                                    "self": 0.1864366005611373,
                                                    "children": {
                                                        "UnityEnvironment._generate_step_input": {
                                                            "total": 0.16462039978068788,
                                                            "count": 4186,
                                                            "is_parallel": true,
                                                            "self": 0.16462039978068788
                                                        },
                                                        "communicator.exchange": {
                                                            "total": 9.123678099291283,
                                                            "count": 4186,
                                                            "is_parallel": true,
                                                            "self": 9.123678099291283
                                                        },
                                                        "steps_from_proto": {
                                                            "total": 0.6141571996995481,
                                                            "count": 4186,
                                                            "is_parallel": true,
                                                            "self": 0.3690580990660237,
                                                            "children": {
                                                                "_process_rank_one_or_two_observation": {
                                                                    "total": 0.24509910063352436,
                                                                    "count": 8372,
                                                                    "is_parallel": true,
                                                                    "self": 0.24509910063352436
                                                                }
                                                            }
                                                        }
                                                    }
                                                }
                                            }
                                        }
                                    }
                                }
                            }
                        },
                        "trainer_advance": {
                            "total": 1.2669084005610785,
                            "count": 4186,
                            "self": 0.06440470047527924,
                            "children": {
                                "process_trajectory": {
                                    "total": 0.29398430007859133,
                                    "count": 4186,
                                    "self": 0.29398430007859133
                                },
                                "_update_policy": {
                                    "total": 0.9085194000072079,
                                    "count": 2,
                                    "self": 0.3359139999811305,
                                    "children": {
                                        "TorchPPOOptimizer.update": {
                                            "total": 0.5726054000260774,
                                            "count": 192,