{
    "name": "root",
    "gauges": {
        "TurretShooter.Policy.Entropy.mean": {
            "value": 1.6625841856002808,
            "min": 1.648703694343567,
            "max": 1.6772470474243164,
            "count": 6
        },
        "TurretShooter.Policy.Entropy.sum": {
            "value": 16619.19140625,
            "min": 1861.386474609375,
            "max": 16790.919921875,
            "count": 6
        },
        "TurretShooter.Step.mean": {
            "value": 69985.0,
            "min": 19936.0,
            "max": 69985.0,
            "count": 6
        },
        "TurretShooter.Step.sum": {
            "value": 69985.0,
            "min": 19936.0,
            "max": 69985.0,
            "count": 6
        },
        "TurretShooter.Policy.ExtrinsicValueEstimate.mean": {
            "value": -20.861902236938477,
            "min": -21.97515869140625,
            "max": 3.746271848678589,
            "count": 6
        },
        "TurretShooter.Policy.ExtrinsicValueEstimate.sum": {
            "value": -5883.056640625,
            "min": -6196.99462890625,
            "max": 112.38815307617188,
            "count": 6
        },
        "TurretShooter.Environment.EpisodeLength.mean": {
            "value": 69.3943661971831,
            "min": 69.3943661971831,
            "max": 70.0,
            "count": 6
        },
        "TurretShooter.Environment.EpisodeLength.sum": {
            "value": 9854.0,
            "min": 1050.0,
            "max": 9892.0,
            "count": 6
        },
        "TurretShooter.Environment.CumulativeReward.mean": {
            "value": -32.81025821054485,
            "min": -45.32282600402832,
            "max": -32.81025821054485,
            "count": 6
        },
        "TurretShooter.Environment.CumulativeReward.sum": {
            "value": -4659.056665897369,
            "min": -5478.084243297577,
            "max": -679.8423900604248,
            "count": 6
        },
        "TurretShooter.Policy.ExtrinsicReward.mean": {
            "value": -32.81025821054485,
            "min": -45.32282600402832,
            "max": -32.81025821054485,
            "count": 6
        },
        "TurretShooter.Policy.ExtrinsicReward.sum": {
            "value": -4659.056665897369,
            "min": -5478.084243297577,
            "max": -679.8423900604248,
            "count": 6
        },
        "TurretShooter.IsTraining.mean": {
            "value": 1.0,
            "min": 1.0,
            "max": 1.0,
            "count": 6
        },
        "TurretShooter.IsTraining.sum": {
            "value": 1.0,
            "min": 1.0,
            "max": 1.0,
            "count": 6
        },
        "TurretShooter.Losses.PolicyLoss.mean": {
            "value": 0.09798490184912226,
            "min": 0.09059719729581654,
            "max": 0.09798490184912226,
            "count": 5
        },
        "TurretShooter.Losses.PolicyLoss.sum": {
            "value": 0.48992450924561126,
            "min": 0.36238878918326617,
            "max": 0.48992450924561126,
            "count": 5
        },
        "TurretShooter.Losses.ValueLoss.mean": {
            "value": 50.04282375077407,
            "min": 25.453584788242978,
            "max": 76.25641551216442,
            "count": 5
        },
        "TurretShooter.Losses.ValueLoss.sum": {
            "value": 250.21411875387034,
            "min": 127.26792394121489,
            "max": 381.28207756082213,
            "count": 5
        },
        "TurretShooter.Policy.LearningRate.mean": {
            "value": 0.0002807168464277199,
            "min": 0.0002807168464277199,
            "max": 0.0002924877025041,
            "count": 5
        },
        "TurretShooter.Policy.LearningRate.sum": {
            "value": 0.0014035842321385994,
            "min": 0.0011340570219809999,
            "max": 0.0014624385125205,
            "count": 5
        },
        "TurretShooter.Policy.Epsilon.mean": {
            "value": 0.19357228,
            "min": 0.19357228,
            "max": 0.1974959,
            "count": 5
        },
        "TurretShooter.Policy.Epsilon.sum": {
            "value": 0.9678614000000001,
            "min": 0.778019,
            "max": 0.9874795000000001,
            "count": 5
        },
        "TurretShooter.Policy.Beta.mean": {
            "value": 0.004679256772,
            "min": 0.004679256772,
            "max": 0.00487504541,
            "count": 5
        },
        "TurretShooter.Policy.Beta.sum": {
            "value": 0.02339628386,
            "min": 0.018903148100000003,
            "max": 0.02437522705,
            "count": 5
        }
    },
    "metadata": {
        "timer_format_version": "0.1.0",
        "start_time_seconds": "1778828361",
        "python_version": "3.10.11 (tags/v3.10.11:7d4cc5a, Apr  5 2023, 00:38:17) [MSC v.1929 64 bit (AMD64)]",
        "command_line_arguments": "D:\\Game Development\\Unity Projects\\ML-Agents\\.venv\\Scripts\\mlagents-learn Assets\\MLAgents\\turret_ppo.yaml --run-id=seven_param_A_to_B_v1 --resume",
        "mlagents_version": "1.1.0",
        "mlagents_envs_version": "1.1.0",
        "communication_protocol_version": "1.5.0",
        "pytorch_version": "2.11.0+cpu",
        "numpy_version": "1.23.5",
        "end_time_seconds": "1778828795"
    },
    "total": 434.29955450000125,
    "count": 1,
    "self": 0.004216199988150038,
    "children": {
        "run_training.setup": {
            "total": 0.08229930000379682,
            "count": 1,
            "self": 0.08229930000379682
        },
        "TrainerController.start_learning": {
            "total": 434.2130390000093,
            "count": 1,
            "self": 0.733790002472233,
            "children": {
                "TrainerController._reset_env": {
                    "total": 7.874411100012367,
                    "count": 1,
                    "self": 7.874411100012367
                },
                "TrainerController.advance": {
                    "total": 425.5928457975242,
                    "count": 55807,
                    "self": 0.5812740972323809,
                    "children": {
                        "env_step": {
                            "total": 408.7097223997698,
                            "count": 55807,
                            "self": 364.21943380247103,
                            "children": {
                                "SubprocessEnvManager._take_step": {
                                    "total": 44.00599349864933,
                                    "count": 55807,
                                    "self": 1.5941546992835356,
                                    "children": {
                                        "TorchPolicy.evaluate": {
                                            "total": 42.411838799365796,
                                            "count": 55807,
                                            "self": 42.411838799365796
                                        }
                                    }
                                },
                                "workers": {
                                    "total": 0.4842950986494543,
                                    "count": 55806,
                                    "self": 0.0,
                                    "children": {
                                        "worker_root": {
                                            "total": 345.7808737005689,
                                            "count": 55806,
                                            "is_parallel": true,
                                            "self": 96.01678880079999,
                                            "children": {
                                                "steps_from_proto": {
                                                    "total": 0.0003966999938711524,
                                                    "count": 1,
                                                    "is_parallel": true,