{
    "name": "root",
    "gauges": {
        "TurretShooter.Policy.Entropy.mean": {
            "value": 1.469372272491455,
            "min": 1.4173637628555298,
            "max": 1.4733526706695557,
            "count": 100
        },
        "TurretShooter.Policy.Entropy.sum": {
            "value": 14687.845703125,
            "min": 14167.96875,
            "max": 14783.3408203125,
            "count": 100
        },
        "TurretShooter.Environment.EpisodeLength.mean": {
            "value": 50.0,
            "min": 49.994923857868024,
            "max": 50.0,
            "count": 100
        },
        "TurretShooter.Environment.EpisodeLength.sum": {
            "value": 9800.0,
            "min": 9800.0,
            "max": 9850.0,
            "count": 100
        },
        "TurretShooter.Step.mean": {
            "value": 999956.0,
            "min": 9995.0,
            "max": 999956.0,
            "count": 100
        },
        "TurretShooter.Step.sum": {
            "value": 999956.0,
            "min": 9995.0,
            "max": 999956.0,
            "count": 100
        },
        "TurretShooter.Policy.ExtrinsicValueEstimate.mean": {
            "value": -0.03257190063595772,
            "min": -0.9535338878631592,
            "max": 0.2771590054035187,
            "count": 100
        },
        "TurretShooter.Policy.ExtrinsicValueEstimate.sum": {
            "value": -6.384092330932617,
            "min": -186.89263916015625,
            "max": 54.32316589355469,
            "count": 100
        },
        "TurretShooter.Environment.CumulativeReward.mean": {
            "value": -0.8500449395909602,
            "min": -3.2121150961944034,
            "max": 1.8686698547431402,
            "count": 100
        },
        "TurretShooter.Environment.CumulativeReward.sum": {
            "value": -166.6088081598282,
            "min": -629.5745588541031,
            "max": 366.25929152965546,
            "count": 100
        },
        "TurretShooter.Policy.ExtrinsicReward.mean": {
            "value": -0.8500449395909602,
            "min": -3.2121150961944034,
            "max": 1.8686698547431402,
            "count": 100
        },
        "TurretShooter.Policy.ExtrinsicReward.sum": {
            "value": -166.6088081598282,
            "min": -629.5745588541031,
            "max": 366.25929152965546,
            "count": 100
        },
        "TurretShooter.Losses.PolicyLoss.mean": {
            "value": 0.09946899037070883,
            "min": 0.08953063676890452,
            "max": 0.10483368231604498,
            "count": 100
        },
        "TurretShooter.Losses.PolicyLoss.sum": {
            "value": 0.49734495185354416,
            "min": 0.3735482511619921,
            "max": 0.5241684115802249,
            "count": 100
        },
        "TurretShooter.Losses.ValueLoss.mean": {
            "value": 19.22506167347698,
            "min": 0.11725373642208674,
            "max": 54.05852387854247,
            "count": 100
        },
        "TurretShooter.Losses.ValueLoss.sum": {
            "value": 96.1253083673849,
            "min": 0.5862686821104337,
            "max": 216.2340955141699,
            "count": 100
        },
        "TurretShooter.Policy.LearningRate.mean": {
            "value": 1.4055995315000017e-06,
            "min": 1.4055995315000017e-06,
            "max": 0.00029843197552267494,
            "count": 100
        },
        "TurretShooter.Policy.LearningRate.sum": {
            "value": 7.027997657500008e-06,
            "min": 7.027997657500008e-06,
            "max": 0.0014780460073179997,
            "count": 100
        },
        "TurretShooter.Policy.Epsilon.mean": {
            "value": 0.10046850000000003,
            "min": 0.10046850000000003,
            "max": 0.199477325,
            "count": 100
        },
        "TurretShooter.Policy.Epsilon.sum": {
            "value": 0.5023425000000001,
            "min": 0.4140018,
            "max": 0.9926820000000001,
            "count": 100
        },
        "TurretShooter.Policy.Beta.mean": {
            "value": 3.337815000000002e-05,
            "min": 3.337815000000002e-05,
            "max": 0.0049739185175,
            "count": 100
        },
        "TurretShooter.Policy.Beta.sum": {
            "value": 0.00016689075000000012,
            "min": 0.00016689075000000012,
            "max": 0.0246348318,
            "count": 100
        },
        "TurretShooter.IsTraining.mean": {
            "value": 1.0,
            "min": 1.0,
            "max": 1.0,
            "count": 100
        },
        "TurretShooter.IsTraining.sum": {
            "value": 1.0,
            "min": 1.0,
            "max": 1.0,
            "count": 100
        }
    },
    "metadata": {
        "timer_format_version": "0.1.0",
        "start_time_seconds": "1779246744",
        "python_version": "3.10.11 (tags/v3.10.11:7d4cc5a, Apr  5 2023, 00:38:17) [MSC v.1929 64 bit (AMD64)]",
        "command_line_arguments": "D:\\Game Development\\Unity Projects\\ML-Agents\\.venv\\Scripts\\mlagents-learn Assets\\MLAgents\\turret_ppo.yaml --run-id=ftc_v2",
        "mlagents_version": "1.1.0",
        "mlagents_envs_version": "1.1.0",
        "communication_protocol_version": "1.5.0",
        "pytorch_version": "2.1.1+cpu",
        "numpy_version": "1.23.5",
        "end_time_seconds": "1779250088"
    },
    "total": 3343.8610334,
    "count": 1,
    "self": 0.011587299999973766,
    "children": {
        "run_training.setup": {
            "total": 0.08338959999991857,
            "count": 1,
            "self": 0.08338959999991857
        },
        "TrainerController.start_learning": {
            "total": 3343.7660565,
            "count": 1,
            "self": 11.94773550052696,
            "children": {
                "TrainerController._reset_env": {
                    "total": 10.681312600000183,
                    "count": 1,
                    "self": 10.681312600000183
                },
                "TrainerController.advance": {
                    "total": 3321.0785220994726,
                    "count": 1000051,
                    "self": 9.617982799760739,
                    "children": {
                        "env_step": {
                            "total": 3034.3061813996055,
                            "count": 1000051,
                            "self": 2302.9191775991044,
                            "children": {
                                "SubprocessEnvManager._take_step": {
                                    "total": 723.12277460004,
                                    "count": 1000052,
                                    "self": 28.975724799833642,
                                    "children": {
                                        "TorchPolicy.evaluate": {
                                            "total": 694.1470498002063,
                                            "count": 1000052,
                                            "self": 694.1470498002063
                                        }
                                    }
                                },
                                "workers": {
                                    "total": 8.264229200461159,
                                    "count": 1000051,
                                    "self": 0.0,
                                    "children": {
                                        "worker_root": {
                                            "total": 3284.277943300544,
                                            "count": 1000051,
                                            "is_parallel": true,
                                            "self": 1571.2048842003596,
                                            "children": {
                                                "steps_from_proto": {
                                                    "total": 0.0006085999998504121,
                                                    "count": 2,